City_ID,City,Country,Max Temp,Current Description,Lat,Lng,Hotel Name
1,Sao Joao Da Barra,BR,70.81,scattered clouds,-21.6403,-41.0511,Pousada Porto De Canoas
2,Vaini,TO,78.96,broken clouds,-21.2,-175.2,Keleti Beach Resort
5,Porto Novo,BJ,74.52,scattered clouds,6.4965,2.6036,Tour Eiffel Hotel Benin
7,Saint-Philippe,RE,67.59,broken clouds,-21.3585,55.7679,Le four √† pain
10,Port Alfred,ZA,65.79,overcast clouds,-33.5906,26.891,The Halyards Hotel
18,Namibe,AO,63.55,broken clouds,-15.1961,12.1522,Hotel Chik Chik Namibe
19,Lyantonde,UG,66.96,broken clouds,-0.4031,31.1572,Novella Hotel & Spa
20,Irituia,BR,78.64,scattered clouds,-1.7711,-47.4381,Hotel Irituia
22,Ruston,US,78.62,clear sky,32.5232,-92.6379,Sleep Inn & Suites University
23,Puerto Ayora,EC,70.56,overcast clouds,-0.7393,-90.3518,Finch Bay Galapagos Hotel
24,Xaghra,MT,79.83,clear sky,36.05,14.2644,Hotel Ta' Cenc & Spa
25,Rikitea,PF,74.07,overcast clouds,-23.1203,-134.9692,People ThankYou
27,Cabo San Lucas,MX,90.61,overcast clouds,22.8909,-109.9124,Hotel Tesoro Los Cabos
28,Marfino,RU,60.71,clear sky,55.7028,37.3822,Nemchinovka-Park
29,Nago,JP,86.45,clear sky,26.5881,127.9761,Hotel Yugaf Inn Okinawa
30,Mareeba,AU,66.49,clear sky,-17.0,145.4333,Trinity Plains Tourist Park
32,Yellowknife,CA,66.56,scattered clouds,62.456,-114.3525,The Explorer Hotel
33,Portland,US,90.45,few clouds,45.5234,-122.6762,Embassy Suites by Hilton Portland Downtown
34,Bambous Virieux,MU,65.21,overcast clouds,-20.3428,57.7575,Casa Tia Villa
35,Jamestown,US,71.51,few clouds,42.097,-79.2353,Hampton Inn & Suites Jamestown
36,Vila Velha,BR,75.15,broken clouds,-20.3297,-40.2925,Hotel Vit√≥ria Palace
39,Half Moon Bay,US,83.41,clear sky,37.4636,-122.4286,"The Ritz-Carlton, Half Moon Bay"
40,Maragogi,BR,73.83,clear sky,-9.0122,-35.2225,Salinas do Maragogi All Inclusive Resort
42,Cherskiy,RU,61.83,overcast clouds,68.75,161.3,Gostinitsa
43,Faanui,PF,75.74,light rain,-16.4833,-151.75,Bora-Bora Pearl Beach Resort & Spa
45,Sechura,PE,70.7,scattered clouds,-5.5569,-80.8222,Hospedaje Costa Bella
48,Zinder,NE,87.28,clear sky,13.8072,8.9881,Hotel de Ville
49,Bethel,US,89.69,broken clouds,41.3712,-73.414,Courtyard by Marriott Danbury
50,Saint Anthony,US,85.91,clear sky,45.0205,-93.218,Holiday Inn Express Roseville-St. Paul
51,Singaraja,ID,77.43,scattered clouds,-8.112,115.0882,Puri Bagus Lovina Resort
52,Arraial Do Cabo,BR,70.52,overcast clouds,-22.9661,-42.0278,Pousada Porto Praia
54,East London,ZA,64.15,broken clouds,-33.0153,27.9116,Tu Casa
59,Singaparna,ID,70.56,overcast clouds,-7.3515,108.111,Wisma Dewi Hotel
60,Kalmunai,LK,77.77,overcast clouds,7.4167,81.8167,VS Villa
61,Hami,CN,84.97,clear sky,42.8,93.45,Laoyutang Resort
62,Santa Cruz,BO,63.86,few clouds,-17.8,-63.1667,Aviador Hotel Boutique
64,Karratha,AU,60.78,few clouds,-20.7377,116.8463,ibis Styles Karratha
65,Shelburne,CA,71.24,broken clouds,44.0787,-80.2041,The Retreat at the Farm
66,San Quintin,MX,77.85,few clouds,30.4833,-115.95,Don Eddie's / Hotel - Restaurant
67,Salinopolis,BR,79.36,clear sky,-0.6136,-47.3561,Salinas Park Resort Ma√ßarico AP101
69,Nadapuram,IN,75.49,overcast clouds,11.7,75.6667,Fabina Garden
74,Comonfort,MX,77.2,overcast clouds,20.7167,-100.7667,El Kiosco Verde
76,Salamiyah,SY,74.14,clear sky,35.0113,37.0532,Gondolas Forum grandchildren and grandparents
79,Hobyo,SO,76.55,overcast clouds,5.3505,48.5268,Halane Hotel and Restaurent
82,Gorontalo,ID,76.26,scattered clouds,0.5412,123.0595,Maqna Hotel by Prasanthi
86,Avarua,CK,77.05,scattered clouds,-21.2078,-159.775,Paradise Inn
87,Lorengau,PG,83.19,broken clouds,-2.0226,147.2712,Lorengau Harbourside Hotel
90,Topolobampo,MX,82.31,overcast clouds,25.6,-109.05,Hotel Marina Topolobampo
91,Tarare,FR,74.73,few clouds,45.8976,4.4327,Le Saint Clement
92,Camana,PE,61.86,broken clouds,-16.6228,-72.7111,Hostal Morales
94,Namatanai,PG,82.18,light rain,-3.6667,152.4333,Seagulls Inn Namatani
95,Broome,US,77.67,few clouds,42.2506,-75.833,Chenango Valley State Park
96,Georgetown,MY,80.89,few clouds,5.4112,100.3354,Cititel Penang
97,Luganville,VU,80.71,few clouds,-15.5333,167.1667,The Espiritu Hotel
101,Kapaa,US,84.18,scattered clouds,22.0752,-159.319,Sheraton Kauai Coconut Beach Resort Hotel
102,Tecoanapa,MX,85.19,overcast clouds,16.5167,-98.75,Hotel Manglares
104,Kasane,BW,60.37,clear sky,-17.8167,25.15,The Old House
107,Hasaki,JP,86.4,overcast clouds,35.7333,140.8333,Inubosaki Kanko Hotel
108,Hilo,US,90.28,broken clouds,19.7297,-155.09,Hilo Hawaiian Hotel
111,Czechowice-Dziedzice,PL,61.86,broken clouds,49.9134,19.0048,Dworek Eureka
112,Rajnagar,IN,80.94,scattered clouds,24.8833,79.9167,The LaLiT Temple View Khajuraho
113,Atuona,PF,77.27,clear sky,-9.8,-139.0333,Villa Enata
114,Port Elizabeth,ZA,62.31,broken clouds,-33.918,25.5701,39 On Nile Guest House
117,Kutum,SD,74.35,overcast clouds,14.2,24.6667,Dibbo areaŸÖŸÜÿ∑ŸÇÿ© ÿØÿ®Ÿà
120,Diffa,NE,84.2,few clouds,13.3154,12.6113,ProDAF/Diffa
123,Tanggu,CN,67.96,clear sky,39.0211,117.6469,Ibis Tianjin Tanggu Hotel
124,Kavaratti,IN,80.53,overcast clouds,10.5669,72.642,Green leaf
127,Butaritari,KI,81.5,light rain,3.0707,172.7902,Isles Sunset Lodge
128,Mahebourg,MU,65.25,overcast clouds,-20.4081,57.7,Shandrani Beachcomber Resort & Spa
129,Millau,FR,71.73,overcast clouds,44.0833,2.9167,La Villa Des Raspes
130,Touros,BR,75.85,few clouds,-5.1989,-35.4608,INN NEW HORIZON
131,Leh,IN,63.48,broken clouds,34.1667,77.5833,Hotel Ladakh Greens
132,Dovers,VC,81.77,broken clouds,12.8833,-61.1833,Ocean Breeze
134,Samarai,PG,78.82,overcast clouds,-10.6167,150.6667,Nuli Sapi
136,Ixtapa,MX,86.23,scattered clouds,20.7,-105.2,hotel la terminal
137,Itoman,JP,86.4,few clouds,26.1247,127.6694,Southern Beach Hotel & Resort Okinawa
139,Mount Isa,AU,64.17,clear sky,-20.7333,139.5,ibis Styles Mt Isa Verona
142,Pokhara,NP,73.4,moderate rain,28.2333,83.9833,OYO 170 Hotel View Point
143,Ambilobe,MG,65.25,scattered clouds,-13.2,49.05,H√¥tel & Restaurant DIANA Ambilobe
144,Petauke,ZM,61.5,clear sky,-14.2426,31.3253,Kwamwanja Wanthu
146,Juneau,US,60.8,overcast clouds,58.3019,-134.4197,"Baranof Downtown, BW Signature Collection"
147,Chifeng,CN,72.18,clear sky,42.2683,118.9636,Junyu Tiancheng Hotel
149,Saint George,US,94.42,few clouds,37.1041,-113.5841,Best Western Plus Abbey Inn
151,Katsuura,JP,82.81,overcast clouds,35.1333,140.3,Katsuura Hotel Mikazuki
153,Aswan,EG,92.71,few clouds,24.0934,32.907,Nuba Nile
155,Iwanai,JP,72.01,overcast clouds,42.9744,140.5089,„ÅÑ„Çè„Å™„ÅÑÈ´òÂéü„Éõ„ÉÜ„É´
156,Puri,IN,79.32,overcast clouds,19.8,85.85,OYO 1577 Hotel Shree Hari Grand
157,Ponta Do Sol,PT,72.72,scattered clouds,32.6667,-17.1,Hotel do Campo
160,Bejar,ES,69.8,broken clouds,40.3864,-5.7634,Posada Puerta Grande
161,Clarksburg,US,82.51,broken clouds,39.2807,-80.3445,Greenbrier Motel & Restaurant
163,Sawtell,AU,60.19,overcast clouds,-30.3833,153.1,The Bungalow Sawtell
164,Saint-Francois,FR,62.04,clear sky,46.4154,3.9054,Manoir Du Bonheur
165,Korla,CN,84.2,scattered clouds,41.7597,86.1469,Gulisitan Hotel
166,Stanovoye,RU,63.64,overcast clouds,52.7638,38.3582,–ë–∞–∑–∏–ª–∏–∫ –°—Ç–∞–Ω–æ–≤–æ–µ
167,Havelock,US,87.06,broken clouds,34.8791,-76.9013,Sherwood Motel
168,Zhuhai,CN,82.11,light intensity shower rain,22.2769,113.5678,Áè†Êµ∑Á≤§Ë¥¢ÂÅáÊó•ÈÖíÂ∫ó
169,Sitka,US,60.69,overcast clouds,57.0531,-135.33,Westmark Sitka
170,Wajima,JP,84.02,light rain,37.4,136.9,Wajiima Onsen Yashio
172,Juegang,CN,86.92,overcast clouds,32.3174,121.1855,Rudong Y Hotel
173,Norman Wells,CA,74.75,overcast clouds,65.282,-126.8329,Heritage Hotel
175,Victoria,HK,82.26,overcast clouds,22.2855,114.1577,Mini Central
176,Hithadhoo,MV,81.21,scattered clouds,-0.6,73.0833,Scoop Guest House
177,Zlitan,LY,80.15,clear sky,32.4674,14.5687,ÿßŸÑŸÇÿ≥ŸÖ ÿßŸÑÿØÿßÿÆŸÑŸä ŸÑŸÑÿ¨ÿßŸÖÿπÿ© ÿßŸÑÿ£ÿ≥ŸÖÿ±Ÿäÿ©
178,Kargasok,RU,61.21,broken clouds,59.0556,80.8572,Hotel Kargasok
182,Carutapera,BR,77.67,few clouds,-1.195,-46.02,Lidera
183,Tamasopo,MX,81.21,few clouds,21.9333,-99.4833,La Pozita Azul
185,Lagoa,PT,71.87,clear sky,39.05,-27.9833,Casa Das Faias
186,San Andres Del Rabanedo,ES,77.72,clear sky,42.6117,-5.6167,Parador de Le√≥n
187,Sakaiminato,JP,82.18,broken clouds,35.55,133.2333,Italian pasley
188,Ponta Delgada,PT,73.51,few clouds,37.7333,-25.6667,Vila Nova Hotel
189,Asau,RO,65.32,overcast clouds,46.4333,26.4,Casa Mika Ciobanus
190,Ribeira Grande,PT,74.1,few clouds,38.5167,-28.7,Quinta da Meia Eira
191,Notodden,NO,63.97,overcast clouds,59.5594,9.2585,Brattrein Hotel
192,Ewa Beach,US,85.98,overcast clouds,21.3156,-158.0072,Base Lodging
193,Jacareacanga,BR,82.8,scattered clouds,-6.2222,-57.7528,Casa do Ianüòé
195,Erzin,TR,75.34,broken clouds,36.9559,36.2,Artemis Otel
196,Cururupu,BR,75.67,clear sky,-1.8283,-44.8683,POUSADA TRAV√âS'CIA
199,Souillac,MU,67.39,overcast clouds,-20.5167,57.5167,Shanti Maurice Resort & Spa
204,Muros,ES,73.17,clear sky,42.7762,-9.0603,Apartment Av. Castelao
205,Hovd,MN,61.74,clear sky,48.0056,91.6419,Hotel Khovd
206,Ahuimanu,US,85.75,light rain,21.4447,-157.8378,Paradise Bay Resort
209,Manali,IN,84.07,overcast clouds,13.1667,80.2667,Sarathy Lodge
210,Tura,IN,73.51,overcast clouds,25.5198,90.2201,Hotel RIKMAN Continental
213,Bardiyah,LY,78.44,clear sky,31.7561,25.0865,ÿ®Ÿàÿ±ÿ™Ÿà ÿ®ÿ±ÿØŸäÿ©
214,Pittsfield,US,81.32,scattered clouds,42.4501,-73.2454,"Holiday Inn & Suites Pittsfield-Berkshires, an IHG Hotel"
215,Scarborough,GB,63.79,overcast clouds,54.2797,-0.4044,The Grand Hotel Scarborough
216,Hervey Bay,AU,60.1,clear sky,-25.2986,152.8535,Shelly Bay Resort
217,Mizdah,LY,75.69,clear sky,31.4451,12.9801,ŸÖÿ≠ŸÖÿØÿßŸÑŸÖÿ®ÿ±ŸàŸÉ ÿßŸÑÿßÿ±ŸäŸÇÿ∑
221,Puerto Leguizamo,CO,74.08,light rain,-0.1934,-74.7819,la casona de juancho
222,Klyuchi,RU,64.38,light rain,52.2667,79.1667,Vesolaya Mayovka
223,Olinda,BR,76.73,few clouds,-8.0089,-34.8553,Flat Quatro Rodas Olinda
225,Bengkulu,ID,74.3,scattered clouds,-3.8004,102.2655,Grage Hotel Bengkulu
229,Mackenzie,CA,81.73,few clouds,55.2999,-123.1698,Hilton Shop
232,Krasnozerskoye,RU,60.35,few clouds,53.9828,79.2374,Hotel Tsentralniy
233,Hit,IQ,90.57,clear sky,33.6416,42.8251,‡¢™Ÿèÿ®ŸéŸÖŸÄÿß ÿèŸèŸÄŸÖŸéŸÄ‡¢™
235,Galesong,ID,73.42,overcast clouds,-5.3166,119.3661,Sapriadi Appy
238,Gushikawa,JP,85.62,few clouds,26.3544,127.8686,Kirari Guest House
241,Alpine,US,93.9,clear sky,32.835,-116.7664,Ayres Lodge Alpine
243,Orthez,FR,72.88,few clouds,43.4884,-0.7724,Hotel Kyriad Orthez
244,Ugoofaaru,MV,80.19,overcast clouds,5.6667,73.0,Ungoofaaru Inn
245,Griffith,US,77.14,clear sky,41.5284,-87.4237,Apartment above Depot Bar
246,Alofi,NU,77.27,few clouds,-19.0595,-169.9187,Taloa Heights
247,Djenne,ML,76.96,overcast clouds,13.9061,-4.5533,H√¥tel Chez Baba
249,Pacifica,US,81.43,few clouds,37.6138,-122.4869,"Pacifica Lighthouse, Trademark Collection by Wyndham"
250,Luanda,AO,67.78,clear sky,-8.8368,13.2343,EPIC SANA Luanda
251,San Policarpo,PH,78.24,overcast clouds,12.1791,125.5072,Agapita M. Nicart
253,San Cristobal,VE,78.98,broken clouds,7.7669,-72.225,Pirineos
254,Sao Filipe,CV,80.08,broken clouds,14.8961,-24.4956,Hotel Xaguate
255,Oistins,BB,82.49,scattered clouds,13.0667,-59.5333,Butterfly Beach Hotel
260,Ezequiel Montes,MX,74.35,broken clouds,20.6667,-99.8833,Hotel Casa Blanca
262,Xai-Xai,MZ,65.35,clear sky,-25.0519,33.6442,Complexo da Familia
263,Bathsheba,BB,83.01,scattered clouds,13.2167,-59.5167,Atlantis Hotel
266,Manacor,ES,81.39,clear sky,39.5696,3.2096,Hotel Can Guixa
268,Rocky Mountain House,CA,73.63,clear sky,52.3668,-114.9188,Walking Eagle Inn & Lodge
270,Sartell,US,82.33,clear sky,45.6216,-94.2069,AmericInn by Wyndham Sartell
271,Pa Sang,TH,75.4,broken clouds,18.5262,98.9394,‡πÇ‡∏£‡∏á‡πÅ‡∏£‡∏° ‡∏à‡∏≤‡∏°‡∏à‡∏∏‡∏£‡∏µ 99
274,Watertown,US,85.6,overcast clouds,42.3709,-71.1828,16 Washburn Street Watertown MA
280,Jiuquan,CN,70.93,few clouds,39.7432,98.5174,Jiuquan Hotel
281,Quelimane,MZ,68.47,clear sky,-17.8786,36.8883,Hotel Flamingo
282,Tarauaca,BR,80.2,moderate rain,-8.1614,-70.7656,Flat Temporada
284,Guerrero Negro,MX,83.73,scattered clouds,27.9769,-114.0611,"Casa Laguna, Bed & Breakfast"
285,Pasighat,IN,76.53,overcast clouds,28.0667,95.3333,Siang Guest House
287,Gizo,SB,82.94,overcast clouds,-8.103,156.8419,Imagination Island
288,La Romana,DO,84.56,overcast clouds,18.4273,-68.9728,Casa de Campo Resort and Villas
289,Itarema,BR,78.51,few clouds,-2.9248,-39.9167,"Sea Lounge! Bar, Club & Restaurant"
290,Kissidougou,GN,69.51,moderate rain,9.1848,-10.0999,H√¥tel Mantis
291,Rosarito,MX,88.66,few clouds,32.3333,-117.0333,Hotel Festival Plaza Rosarito
292,Dunn,US,81.16,clear sky,44.95,-91.8835,Cedar Falls Acres
294,Parkersburg,US,81.52,clear sky,39.2667,-81.5615,The Blennerhassett Hotel
296,Grand Gaube,MU,65.37,scattered clouds,-20.0064,57.6608,Veranda Paul et Virginie Hotel & Spa
297,Suhbaatar,MN,60.57,overcast clouds,50.2314,106.2078,Hotel Nine
298,Matagami,CA,69.73,clear sky,49.7502,-77.6328,Motel Le Caribou
299,Kahului,US,89.62,scattered clouds,20.8947,-156.47,Maui Seaside Hotel
301,Rock Falls,US,80.58,few clouds,41.7798,-89.689,"Country Inn & Suites by Radisson, Rock Falls, IL"
303,Khani,GE,63.97,moderate rain,41.9563,42.9566,·Éô·É£·É†·Éù·É†·É¢·Éò ·Éñ·Éî·Éô·Éê·É†·Éò/Resort Zekari
304,Iguape,BR,65.93,moderate rain,-24.7081,-47.5553,Hotel Pousada Nossa Senhora do Carmo
307,Port-Gentil,GA,76.96,broken clouds,-0.7193,8.7815,Fengshui Residence
308,Salalah,OM,77.09,light intensity drizzle,17.0151,54.0924,"HAMDAN PLAZA HOTEL SALALAH, an HTG Hotel"
313,Gat,IL,79.48,clear sky,31.61,34.7642,OlusHome
314,Puerto Escondido,MX,86.83,broken clouds,15.85,-97.0667,Aldea del Bazar Hotel and Spa
315,Port Hawkesbury,CA,65.91,mist,45.6169,-61.3485,MacKenzie House Tourist Home B&B
316,Soyo,AO,69.19,clear sky,-6.1349,12.3689,Hospedaria ndozi'ame
319,Kondinskoye,RU,62.19,broken clouds,59.6481,67.41,Gostinitsa
320,La Libertad,EC,71.26,overcast clouds,-2.2333,-80.9,Playa Canela Hotel Boutique
323,Daru,PG,77.25,broken clouds,-9.0763,143.2092,Daru Lodge
325,Kolondieba,ML,71.78,moderate rain,11.0882,-6.8926,Hotel Dakan
326,Maibong,IN,72.95,overcast clouds,25.3,93.1667,Juhi Cottage Maibang
327,Dingle,PH,76.41,overcast clouds,10.9995,122.6711,SEGAYA PROPERTY
328,Enderby,GB,69.37,scattered clouds,52.5878,-1.2062,Leicester Marriott Hotel
329,Bilma,NE,94.48,few clouds,18.6853,12.9164,Expeditions T√©n√©re voyages
330,Johnson City,US,81.82,mist,36.3134,-82.3535,Hampton Inn Johnson City
335,Liverpool,GB,64.62,clear sky,53.4106,-2.9779,Premier Inn Liverpool City Centre (Moorfields) hotel
337,Victoria Point,AU,63.95,clear sky,-27.5833,153.3,Bay Retreat Motel
339,Cap Malheureux,MU,65.46,broken clouds,-19.9842,57.6142,Pereybere Hotel & Spa
342,Montana,BG,72.84,scattered clouds,43.4125,23.225,–í–µ—Å—Ç–∞
345,Pingliang,CN,72.37,overcast clouds,35.5392,106.6861,North Gate Hostel
346,Alyangula,AU,71.47,overcast clouds,-13.8483,136.4192,Groote Eylandt Lodge
347,Richards Bay,ZA,64.08,clear sky,-28.783,32.0377,BON Hotel Waterfront Richards Bay
349,Idah,NG,73.63,overcast clouds,7.1065,6.7342,Ubiga Hotel Idah
350,Taltal,CL,67.73,clear sky,-25.4,-70.4833,Residencial Karime
351,Fairview,US,92.55,heavy intensity rain,40.8126,-73.999,Homewood Suites by Hilton Edgewater-NYC Area
352,Havre-Saint-Pierre,CA,64.76,clear sky,50.2334,-63.5986,Auberge Niapiskau
353,Matara,LK,77.14,overcast clouds,5.9485,80.5353,Amaloh Boutique Resort
354,Bagar,IN,85.28,few clouds,28.1874,75.5005,"The Piramal Haveli (20th Century; Shekhavati, Rajasthan)"
356,Cap-Aux-Meules,CA,62.65,broken clouds,47.3821,-61.8597,Auberge Madeli
358,Yeppoon,AU,62.38,clear sky,-23.1333,150.7333,Villa Mar Colina
359,Kudahuvadhoo,MV,81.32,broken clouds,2.6708,72.8944,Niyama Private Islands Maldives
362,Mbuguni,TZ,61.18,broken clouds,-3.5667,36.95,kaza Moyo Modern Resort
363,Moengo,SR,78.93,overcast clouds,5.6167,-54.4,Masanga
365,Ulu Tiram,MY,80.46,scattered clouds,1.6,103.8167,Dajie Avenue Hotel
366,Manacapuru,BR,87.17,broken clouds,-3.2997,-60.6206,Novo Hotel
368,Kieta,PG,83.88,overcast clouds,-6.2167,155.6333,Uruna Bay Retreat
370,Bereda,ES,66.15,scattered clouds,43.2686,-7.5406,Pazo de Verdes
372,Prince Rupert,CA,65.23,clear sky,54.3161,-130.3201,Crest Hotel
373,Saurimo,AO,62.92,clear sky,-9.6608,20.3916,Hotel Kawissa Saurimo
374,Malanje,AO,66.51,clear sky,-9.5402,16.341,Hotel Ginga
379,Camacha,PT,67.42,scattered clouds,33.0833,-16.3333,Hotel Porto Santo & Spa
380,Acajutla,SV,80.38,overcast clouds,13.5928,-89.8275,Laureles
381,Shache,CN,83.71,overcast clouds,38.4167,77.2406,Delong Hotel
383,Curup,ID,67.37,broken clouds,-3.4667,102.5333,Ayi The Costel
386,Le Port,RE,66.2,broken clouds,-20.9373,55.2919,KORBEY D'OR OUEST
387,Palmer,US,87.35,scattered clouds,42.1584,-72.3287,Wedgewood Motel
388,Rio Sereno,PA,69.53,overcast clouds,8.8167,-82.8667,Agua Luna Ecolodge
389,Mana,GF,80.51,broken clouds,5.6592,-53.7767,LE SAMANA
391,Novo Aripuana,BR,84.78,scattered clouds,-5.1206,-60.3797,Hotel Ezequiel
392,Yichun,CN,61.86,clear sky,47.7,128.9,Èî¶Ê±üÈÖíÂ∫ó
393,Kon Tum,VN,70.18,overcast clouds,14.35,108.0,Hoa ƒë√† spa- homestay
394,Limbe,CM,75.92,light rain,4.0242,9.2149,The LK Hotel at Bonadikombo
396,Sao Miguel Do Araguaia,BR,85.23,scattered clouds,-13.275,-50.1628,Hotel Executivo Palace
399,Vegreville,CA,71.91,clear sky,53.5001,-112.0518,Wild Rose Inn
401,Mae Hong Son,TH,72.68,overcast clouds,19.3003,97.9685,Baiyoke Chalet Hotel
402,Pisco,PE,60.85,broken clouds,-13.7,-76.2167,Hotel San Isidro Oficial
403,Son La,VN,66.99,few clouds,21.3167,103.9,Galaxy Grand Hotel
405,Road Town,VG,84.29,scattered clouds,18.4167,-64.6167,"ZINGARA 76ft Catamaran, full crew-all included"
409,Kupang,ID,77.54,clear sky,-10.1667,123.5833,Hotel On The Rock by Prasanthi
410,Buin,CL,68.43,overcast clouds,-33.7333,-70.75,Paihuen
411,Maryborough,AU,60.44,clear sky,-25.5333,152.7,Blue Shades Motel
412,Wilmington,US,87.71,clear sky,34.2257,-77.9447,"Hotel Ballast Wilmington, Tapestry Collection by Hilton"
414,Gloucester,GB,69.73,scattered clouds,51.8657,-2.2431,Edward Hotel
416,Kemise,ET,69.19,light rain,10.7167,39.8667,Hussen Endris
418,Karpathos,GR,75.16,clear sky,35.507,27.2132,Alex
421,Vieques,PR,84.22,broken clouds,18.425,-65.8329,"The St. Regis Bahia Beach Resort, Puerto Rico"
424,Bandarbeyla,SO,78.19,overcast clouds,9.4942,50.8122,JABIR HOTEL
425,Caravelas,BR,70.97,clear sky,-17.7125,-39.2481,Pousada dos Navegantes
426,Kijang,KR,85.73,heavy intensity rain,35.2442,129.2139,Samyang Beach Villa
428,Yanam,IN,75.52,overcast clouds,16.7333,82.2167,The Regency Hotel
429,Sabzevar,IR,79.88,clear sky,36.2126,57.6819,Ÿæÿ≤ÿ¥⁄©€å ŸÇÿßŸÜŸàŸÜ€å ÿ≥ÿ®ÿ≤Ÿàÿßÿ±
431,Nouadhibou,MR,73.38,clear sky,20.931,-17.0347,El Medina
432,Nishihara,JP,85.68,few clouds,26.1842,127.7558,Minshuku Agaihama
433,Sampit,ID,73.89,broken clouds,-2.5333,112.95,Aquarius Boutique Hotel Sampit
435,Sisophon,KH,74.8,overcast clouds,13.5859,102.9737,Pyramid Hotel
436,Alta Floresta,BR,85.95,broken clouds,-9.8756,-56.0861,Floresta Amazonica Hotel
438,Mishan,CN,68.09,clear sky,45.55,131.8833,Mishan Hotel
440,Chandbali,IN,78.01,moderate rain,20.7833,86.7667,Sabitri Bhavan
441,Sambava,MG,68.85,light rain,-14.2667,50.1667,Melrose
444,Santa Rita,BR,75.87,clear sky,-7.1139,-34.9781,Infinity Motel
445,Camacari,BR,78.57,clear sky,-12.6975,-38.3242,S√≠tio Blasi
446,Panaba,MX,82.58,broken clouds,21.2833,-88.2667,Hotel Don Fernando
447,Viransehir,TR,78.4,clear sky,37.2353,39.7631,Viran≈üehir √ñƒüretmenevi
448,Urucui,BR,79.81,clear sky,-7.2294,-44.5561,Hotel Premium Piau√≠
451,Manta,EC,74.98,broken clouds,-0.95,-80.7333,Balandra Hotel
452,Puerto Narino,CO,81.01,overcast clouds,-3.7703,-70.3831,Eware Refugio Amazonico
453,Laguna,US,94.32,clear sky,38.421,-121.4238,"Holiday Inn Express & Suites Elk Grove Central - Hwy 99, an IHG Hotel"
456,Davila,PH,78.78,overcast clouds,18.4726,120.5763,Blue Ridge Beach Resort
457,Sinnamary,GF,78.93,broken clouds,5.3833,-52.95,ALETHEIA Appartement Sinnamary
458,Margate,GB,65.88,few clouds,51.3813,1.3862,Premier Inn Margate hotel
459,Sioux Lookout,CA,73.47,few clouds,50.1001,-91.917,Knobby's Fly-In Camps
460,Hirara,JP,85.86,few clouds,24.8,125.2833,Hotel Atoll Emerald Miyakojima
461,Pangai,TO,84.31,few clouds,-19.8,-174.35,Ha'apai Beach Resort
463,Northam,GB,65.39,scattered clouds,51.0333,-4.2167,Durrant House Hotel
465,Mitsamiouli,KM,76.06,scattered clouds,-11.3847,43.2844,Foyer ADM
466,Sri Aman,MY,77.05,light rain,1.2376,111.4621,Seri Simanggang Hotel
467,Nurota,UZ,71.11,clear sky,40.5614,65.6886,Guest House Ruslan Nurata & Tours
469,Filadelfia,US,90.23,thunderstorm,39.9523,-75.1638,"The Ritz-Carlton, Philadelphia"
471,Tautira,PF,72.93,light rain,-17.7333,-149.15,Pension Oaoa
472,Agropoli,IT,70.34,overcast clouds,40.3469,14.9966,B&B Baia di Trentova
473,Mogadishu,SO,75.58,overcast clouds,2.0371,45.3438,Hotel Juba
474,Den Helder,NL,64.38,few clouds,52.9599,4.7593,Hotel Den Helder
475,Kagadi,UG,67.24,broken clouds,0.9606,30.7967,River falls Lodge
476,Grants,US,86.23,scattered clouds,35.1473,-107.8514,"Motel 6 Grants, NM"
477,Kirakira,SB,82.58,overcast clouds,-10.4544,161.9205,SanBiz Lodge
478,Hauterive,FR,65.16,few clouds,46.0901,3.4459,Aletti Palace Hotel
481,Casablanca,MA,73.33,few clouds,33.5928,-7.6192,ŸÅŸÜÿØŸÇ ÿßŸÑÿ®Ÿäÿ™ ÿßŸÑŸÖÿ∫ÿ±ÿ®Ÿä ŸÉÿßÿ≤ÿ®ŸÑÿßŸÜŸÉÿß
482,Fos-Sur-Mer,FR,77.11,clear sky,43.4377,4.9446,Ariane Hotel
483,Staraya Mayna,RU,64.51,few clouds,54.6,48.95,Tikhiy Dvorik
484,Nchelenge,ZM,67.15,clear sky,-9.3451,28.734,KD Travellers Home
485,Kashi,CN,69.01,broken clouds,39.4547,75.9797,Â∏ïÁ±≥Â∞îÈùíÂπ¥ÊóÖËàç
486,Odweyne,SO,75.18,overcast clouds,9.4092,45.064,Eng Hiirey House
487,Jhalida,IN,75.76,overcast clouds,23.3667,85.9667,Iloo Sweets & Hotel
489,Meulaboh,ID,75.61,heavy intensity rain,4.1363,96.1285,Kost Pria
494,Bambanglipuro,ID,75.81,overcast clouds,-7.95,110.2833,Puri Brata
498,Monrovia,LR,76.77,light rain,6.3005,-10.7969,Sunset Inn
499,Hambantota,LK,78.13,overcast clouds,6.1241,81.1185,Bungalow 63
504,Carauari,BR,81.7,overcast clouds,-4.8828,-66.8958,Hotel Fellip
505,Lata,PT,62.73,clear sky,40.1629,-8.3327,Casa Maquia
506,Port Hardy,CA,64.58,fog,50.6996,-127.4199,Airport Inn-Port Hardy
507,Jiangyou,CN,76.39,overcast clouds,31.7667,104.7167,Shangping Shuyuan Inn
509,Lompoc,US,86.77,clear sky,34.6391,-120.4579,"Holiday Inn Express Lompoc, an IHG Hotel"
510,Ambon,ID,78.24,few clouds,-3.6954,128.1814,Swiss-Belhotel Ambon
511,Tukrah,LY,80.08,clear sky,32.5341,20.5791,Lagrota restaurant
513,Xining,CN,64.76,light rain,36.6167,101.7667,Super Leisure Hotel
515,La Asuncion,VE,83.93,broken clouds,11.0333,-63.8628,Colinas de Matasiete
520,Dwarka,IN,81.09,overcast clouds,22.2394,68.9678,Hotel Narayan Avezika Comfort
521,Kanniyakumari,IN,77.32,overcast clouds,8.0833,77.5667,Sparsa Kanyakumari
522,Natal,BR,79.02,scattered clouds,-5.795,-35.2094,Villa Park Hotel | Natal
523,Lucapa,AO,67.98,clear sky,-8.4192,20.7447,L√≠rio Mendes
524,Cobija,BO,70.34,moderate rain,-11.0267,-68.7692,Hotel Obelisco
525,Saint-Pierre,RE,65.88,scattered clouds,-21.3393,55.4781,Alize Plage
526,Meiganga,CM,66.04,overcast clouds,6.5167,14.3,DFR HOUSE
528,Vermillion,US,89.76,clear sky,42.7794,-96.9292,"Holiday Inn Express & Suites Vermillion, an IHG Hotel"
532,Bideford,GB,66.09,scattered clouds,51.0179,-4.2046,Durrant House Hotel
534,Abu Kamal,SY,87.03,clear sky,34.4506,40.9171,ÿßŸÑÿ®ŸàŸÉŸÖÿßŸÑ
535,Mallow,IE,63.63,clear sky,52.1333,-8.6333,Annabella Lodge 4 Star Bed & Breakfast (B&B) Accommodation Mallow
536,Hamilton,US,84.25,few clouds,39.1834,-84.5333,Six Acres Bed & Breakfast
537,Himare,AL,78.71,few clouds,40.1017,19.7447,Hotel Dima
538,Warrington,GB,64.94,clear sky,53.3925,-2.5802,Villaggio Hotel
539,Marsa Matruh,EG,78.12,clear sky,31.3525,27.2453,Beau Site
540,Mehriz,IR,84.7,clear sky,31.5917,54.4318,Mehrgard dwelling/ÿ≥ÿ±ÿß€å ŸÖŸáÿ±⁄Øÿ±ÿØ
542,Tirano,IT,69.48,clear sky,46.2154,10.1679,Hotel Corona Tirano
544,Tuckahoe,US,93.11,clear sky,37.5901,-77.5564,The Westin Richmond
546,Qui Nhon,VN,79.43,overcast clouds,13.7667,109.2333,Seagull Hotel
547,Punta Gorda,US,86.05,clear sky,26.9298,-82.0454,Four Points by Sheraton Punta Gorda Harborside
548,Tole,UA,71.96,overcast clouds,44.7167,33.8167,"Kompleks ""Rus'"""
549,Zhangjiakou,CN,66.79,clear sky,40.81,114.8794,Shell Zhangjiakou City Qiaodong District Ginza Hotel
552,Trairi,BR,78.12,clear sky,-3.2778,-39.2689,janelas do mar
553,Barahona,DO,85.82,scattered clouds,18.2085,-71.1008,Hotel Caribe
554,Kulai,MY,80.42,few clouds,1.6561,103.6032,Hotel U and Me
555,Boyolangu,ID,73.74,overcast clouds,-8.1181,111.8935,Yos ega cv
556,Pakdasht,IR,78.8,clear sky,35.4752,51.6807,Ÿàÿßÿ≠ÿØ ÿ™ÿπŸÖ€åÿ±ÿßÿ™ ÿßÿØÿßÿ±Ÿá ⁄Øÿßÿ≤ Ÿæÿß⁄©ÿØÿ¥ÿ™
557,La Ronge,CA,70.05,scattered clouds,55.1001,-105.2842,Northland Motor Hotel
558,Surskoye,RU,60.51,broken clouds,54.4821,46.7214,Sura
559,Aljezur,PT,63.0,clear sky,37.3191,-8.8033,Amazigh Hostel
561,Manica,FR,60.62,few clouds,49.0,-1.1667,Gite Lily
562,Pacific Grove,US,80.55,clear sky,36.6177,-121.9166,Lovers Point Inn
563,Culaman,PH,80.47,overcast clouds,5.9603,125.6586,Jasmin Ex House
564,Kiunga,PG,73.54,overcast clouds,-6.1219,141.2906,Airport Lodge Kiunga
567,Vanimo,PG,79.18,overcast clouds,-2.6741,141.3028,Vahmoneh Lodge Vanimo
568,Booue,GA,76.14,few clouds,-0.0921,11.9385,Splendeur de l'√©quateur
572,Sisak,HR,67.98,scattered clouds,45.4661,16.3783,Hotel Panonija
573,Sibiti,CG,72.18,few clouds,-3.6819,13.3499,Gaby et confort
